<DataElement num="1231">
      <RAI>2.16.840.1.113883.3.26.2</RAI>
      <PUBLICID>2675153</PUBLICID>
      <LONGNAME>Chronic Myelogenous Leukemia Prior Transplantation Hematologic Complete Remission Phase Category</LONGNAME>
      <PREFERREDNAME>CML_HEM_CR_PRG_CLASS</PREFERREDNAME>
      <PREFERREDDEFINITION>The most common chronic myeloproliferative disorder characterized by neutrophilic leukocytosis.  It is associated with the Philadelphia (Ph) chromosome and/or the BCR/ABL fusion gene.  Most patients are middle-aged or elderly.  Common findings at presentation include fatigue, weight loss, anemia, night sweats, and splenomegaly.  The disease is bi- or triphasic; an initial indolent chronic phase is followed by an accelerated or blast phase.  Allogeneic bone marrow transplantation is currently the only curative therapy (adapted from WHO 2001)._Earlier in time or order._The grafting of tissues from one individual to another or place to place within a single individual._Pertaining to or related to the blood and blood-forming organs._The disappearance of all signs of cancer in response to treatment.  This does not always mean the cancer has been cured._A distinguishable part, a stage in a series of events or in a process of development, e.g. any of the varying aspects or stages in course of a disease; a fraction of a cycle._This term is used informally to mean a class of things.[manually curated]</PREFERREDDEFINITION>
      <VERSION>1</VERSION>
      <WORKFLOWSTATUS>RELEASED</WORKFLOWSTATUS>
      <CONTEXTNAME>NHLBI</CONTEXTNAME>
      <CONTEXTVERSION>1</CONTEXTVERSION>
      <ORIGIN>NMDP:National Marrow Donor Program</ORIGIN>
      <REGISTRATIONSTATUS NULL="TRUE"/>
      <DATAELEMENTCONCEPT>
         <PublicId>2675149</PublicId>
         <PreferredName>CML_HEM_CR</PreferredName>
         <PreferredDefinition>The most common chronic myeloproliferative disorder characterized by neutrophilic leukocytosis.  It is associated with the Philadelphia (Ph) chromosome and/or the BCR/ABL fusion gene.  Most patients are middle-aged or elderly.  Common findings at presentation include fatigue, weight loss, anemia, night sweats, and splenomegaly.  The disease is bi- or triphasic; an initial indolent chronic phase is followed by an accelerated or blast phase.  Allogeneic bone marrow transplantation is currently the only curative therapy (adapted from WHO 2001)._Earlier in time or order._The grafting of tissues from one individual to another or place to place within a single individual._Pertaining to or related to the blood and blood-forming organs._The disappearance of all signs of cancer in response to treatment.  This does not always mean the cancer has been cured.</PreferredDefinition>
         <LongName>Chronic Myelogenous Leukemia Prior Transplantation Hematologic Complete Remission</LongName>
         <Version>1</Version>
         <WorkflowStatus>RELEASED</WorkflowStatus>
         <ContextName>NHLBI</ContextName>
         <ContextVersion>1</ContextVersion>
         <ConceptualDomain>
            <PublicId>2008551</PublicId>
            <ContextName>CTEP</ContextName>
            <ContextVersion>2.31</ContextVersion>
            <PreferredName>ASSESS</PreferredName>
            <Version>1</Version>
            <LongName>Assessments</LongName>
         </ConceptualDomain>
         <ObjectClass>
            <PublicId>2500393</PublicId>
            <ContextName>NCIP</ContextName>
            <ContextVersion>1</ContextVersion>
            <PreferredName>C3174</PreferredName>
            <Version>1</Version>
            <LongName>CML</LongName>
            <ConceptDetails>
               <ConceptDetails_ITEM>
                  <PREFERRED_NAME>C3174</PREFERRED_NAME>
                  <LONG_NAME>Chronic Myelogenous Leukemia, BCR-ABL1 Positive</LONG_NAME>
                  <CON_ID>2202712</CON_ID>
                  <DEFINITION_SOURCE>NCI</DEFINITION_SOURCE>
                  <ORIGIN>NCI Thesaurus</ORIGIN>
                  <EVS_SOURCE>NCI_CONCEPT_CODE</EVS_SOURCE>
                  <PRIMARY_FLAG_IND>Yes</PRIMARY_FLAG_IND>
                  <DISPLAY_ORDER>0</DISPLAY_ORDER>
               </ConceptDetails_ITEM>
            </ConceptDetails>
         </ObjectClass>
         <Property>
            <PublicId>2682775</PublicId>
            <ContextName>NCIP</ContextName>
            <ContextVersion>1</ContextVersion>
            <PreferredName>C25629:C15342:C62780:C4870</PreferredName>
            <Version>1</Version>
            <LongName>Prior Transplantation Hematologic CR</LongName>
            <ConceptDetails>
               <ConceptDetails_ITEM>
                  <PREFERRED_NAME>C25629</PREFERRED_NAME>
                  <LONG_NAME>Prior</LONG_NAME>
                  <CON_ID>2204016</CON_ID>
                  <DEFINITION_SOURCE>NCI</DEFINITION_SOURCE>
                  <ORIGIN>NCI Thesaurus</ORIGIN>
                  <EVS_SOURCE>NCI_CONCEPT_CODE</EVS_SOURCE>
                  <PRIMARY_FLAG_IND>No</PRIMARY_FLAG_IND>
                  <DISPLAY_ORDER>3</DISPLAY_ORDER>
               </ConceptDetails_ITEM>
               <ConceptDetails_ITEM>
                  <PREFERRED_NAME>C15342</PREFERRED_NAME>
                  <LONG_NAME>Transplantation</LONG_NAME>
                  <CON_ID>2205403</CON_ID>
                  <DEFINITION_SOURCE>NCI</DEFINITION_SOURCE>
                  <ORIGIN>NCI Thesaurus</ORIGIN>
                  <EVS_SOURCE>NCI_CONCEPT_CODE</EVS_SOURCE>
                  <PRIMARY_FLAG_IND>No</PRIMARY_FLAG_IND>
                  <DISPLAY_ORDER>2</DISPLAY_ORDER>
               </ConceptDetails_ITEM>
               <ConceptDetails_ITEM>
                  <PREFERRED_NAME>C62780</PREFERRED_NAME>
                  <LONG_NAME>Hematologic</LONG_NAME>
                  <CON_ID>2528497</CON_ID>
                  <DEFINITION_SOURCE>NCI</DEFINITION_SOURCE>
                  <ORIGIN>NCI Thesaurus</ORIGIN>
                  <EVS_SOURCE>NCI_CONCEPT_CODE</EVS_SOURCE>
                  <PRIMARY_FLAG_IND>No</PRIMARY_FLAG_IND>
                  <DISPLAY_ORDER>1</DISPLAY_ORDER>
               </ConceptDetails_ITEM>
               <ConceptDetails_ITEM>
                  <PREFERRED_NAME>C4870</PREFERRED_NAME>
                  <LONG_NAME>Complete Remission</LONG_NAME>
                  <CON_ID>2202721</CON_ID>
                  <DEFINITION_SOURCE>NCI</DEFINITION_SOURCE>
                  <ORIGIN>NCI Thesaurus</ORIGIN>
                  <EVS_SOURCE>NCI_CONCEPT_CODE</EVS_SOURCE>
                  <PRIMARY_FLAG_IND>Yes</PRIMARY_FLAG_IND>
                  <DISPLAY_ORDER>0</DISPLAY_ORDER>
               </ConceptDetails_ITEM>
            </ConceptDetails>
         </Property>
         <ObjectClassQualifier NULL="TRUE"/>
         <PropertyQualifier NULL="TRUE"/>
         <Origin>NMDP:National Marrow Donor Program</Origin>
      </DATAELEMENTCONCEPT>
      <VALUEDOMAIN>
         <PublicId>2675138</PublicId>
         <PreferredName>CML_PHS_CAT</PreferredName>
         <PreferredDefinition>The most common chronic myeloproliferative disorder characterized by neutrophilic leukocytosis.  It is associated with the Philadelphia (Ph) chromosome and/or the BCR/ABL fusion gene.  Most patients are middle-aged or elderly.  Common findings at presentation include fatigue, weight loss, anemia, night sweats, and splenomegaly.  The disease is bi- or triphasic; an initial indolent chronic phase is followed by an accelerated or blast phase.  Allogeneic bone marrow transplantation is currently the only curative therapy (adapted from WHO 2001)._A distinguishable part, a stage in a series of events or in a process of development, e.g. any of the varying aspects or stages in course of a disease; a fraction of a cycle._This term is used informally to mean a class of things.</PreferredDefinition>
         <LongName>CML Phase Category</LongName>
         <Version>1</Version>
         <WorkflowStatus>RETIRED PHASED OUT</WorkflowStatus>
         <ContextName>NHLBI</ContextName>
         <ContextVersion>1</ContextVersion>
         <ConceptualDomain>
            <PublicId>2008551</PublicId>
            <ContextName>CTEP</ContextName>
            <ContextVersion>2.31</ContextVersion>
            <PreferredName>ASSESS</PreferredName>
            <Version>1</Version>
            <LongName>Assessments</LongName>
         </ConceptualDomain>
         <Datatype>CHARACTER</Datatype>
         <ValueDomainType>Enumerated</ValueDomainType>
         <UnitOfMeasure NULL="TRUE"/>
         <DisplayFormat NULL="TRUE"/>
         <MaximumLength>30</MaximumLength>
         <MinimumLength NULL="TRUE"/>
         <DecimalPlace NULL="TRUE"/>
         <CharacterSetName NULL="TRUE"/>
         <MaximumValue NULL="TRUE"/>
         <MinimumValue NULL="TRUE"/>
         <Origin>NMDP:National Marrow Donor Program</Origin>
         <Representation>
            <PublicId>2677055</PublicId>
            <ContextName>NCIP</ContextName>
            <ContextVersion>1</ContextVersion>
            <PreferredName>C3174:C25257:C25372</PreferredName>
            <Version>1</Version>
            <LongName>CML Phase Category</LongName>
            <ConceptDetails>
               <ConceptDetails_ITEM>
                  <PREFERRED_NAME>C3174</PREFERRED_NAME>
                  <LONG_NAME>Chronic Myelogenous Leukemia, BCR-ABL1 Positive</LONG_NAME>
                  <CON_ID>2202712</CON_ID>
                  <DEFINITION_SOURCE>NCI</DEFINITION_SOURCE>
                  <ORIGIN>NCI Thesaurus</ORIGIN>
                  <EVS_SOURCE>NCI_CONCEPT_CODE</EVS_SOURCE>
                  <PRIMARY_FLAG_IND>No</PRIMARY_FLAG_IND>
                  <DISPLAY_ORDER>2</DISPLAY_ORDER>
               </ConceptDetails_ITEM>
               <ConceptDetails_ITEM>
                  <PREFERRED_NAME>C25257</PREFERRED_NAME>
                  <LONG_NAME>Phase</LONG_NAME>
                  <CON_ID>2203949</CON_ID>
                  <DEFINITION_SOURCE>NCI</DEFINITION_SOURCE>
                  <ORIGIN>NCI Thesaurus</ORIGIN>
                  <EVS_SOURCE>NCI_CONCEPT_CODE</EVS_SOURCE>
                  <PRIMARY_FLAG_IND>No</PRIMARY_FLAG_IND>
                  <DISPLAY_ORDER>1</DISPLAY_ORDER>
               </ConceptDetails_ITEM>
               <ConceptDetails_ITEM>
                  <PREFERRED_NAME>C25372</PREFERRED_NAME>
                  <LONG_NAME>Category</LONG_NAME>
                  <CON_ID>2203876</CON_ID>
                  <DEFINITION_SOURCE>NCI</DEFINITION_SOURCE>
                  <ORIGIN>NCI Thesaurus</ORIGIN>
                  <EVS_SOURCE>NCI_CONCEPT_CODE</EVS_SOURCE>
                  <PRIMARY_FLAG_IND>Yes</PRIMARY_FLAG_IND>
                  <DISPLAY_ORDER>0</DISPLAY_ORDER>
               </ConceptDetails_ITEM>
            </ConceptDetails>
         </Representation>
         <PermissibleValues>
            <PermissibleValues_ITEM>
               <VALIDVALUE>Chronic phase</VALIDVALUE>
               <VALUEMEANING>Chronic Phase Chronic Myelogenous Leukemia</VALUEMEANING>
               <MEANINGDESCRIPTION>A phase of chronic myelogenous leukemia in which the peripheral blood smear shows leukocytosis due mainly to neutrophils in different stages of maturation.  Blasts usually account for less than 2% of the white blood cells counts.  The platelet count is normal or increased.  Thrombocytopenia is very uncommon during the chronic phase.  Most patients have mild anemia.  The bone marrow biopsy is hypercellular due to increased numbers of neutrophils and their precursors.  Blasts usually account for fewer than 5% of the marrow cells, and more than 10% indicates transformation to the accelerated phase.  Megakaryocytes are smaller than normal and have hypolobated nuclei.  The spleen is enlarged due to infiltration of the cords of the red pulp by granulocytes.  Most patients with chronic myelogenous leukemia are diagnosed in the chronic phase, which usually has an insidious onset and may last from several months to several years. (WHO, 2001)</MEANINGDESCRIPTION>
               <MEANINGCONCEPTS>C3175</MEANINGCONCEPTS>
               <PVBEGINDATE>2007-08-29</PVBEGINDATE>
               <PVENDDATE NULL="TRUE"/>
               <VMPUBLICID>2675140</VMPUBLICID>
               <VMVERSION>1</VMVERSION>
            </PermissibleValues_ITEM>
            <PermissibleValues_ITEM>
               <VALIDVALUE>Blast crisis</VALIDVALUE>
               <VALUEMEANING>Blast Phase Chronic Myelogenous Leukemia</VALUEMEANING>
               <MEANINGDESCRIPTION>An advanced phase of chronic myelogenous leukemia.  It is characterized a. by the presence of blasts in the peripheral blood or bone marrow that are at least 20% of the peripheral blood white cells or of the nucleated cells in the bone marrow respectively, or b. an extramedullary proliferation of blasts, and/or c. when there are large aggregates and clusters of blasts in the bone marrow biopsy specimen (adapted from WHO, 2001).</MEANINGDESCRIPTION>
               <MEANINGCONCEPTS>C9110</MEANINGCONCEPTS>
               <PVBEGINDATE>2007-08-29</PVBEGINDATE>
               <PVENDDATE NULL="TRUE"/>
               <VMPUBLICID>2675142</VMPUBLICID>
               <VMVERSION>1</VMVERSION>
            </PermissibleValues_ITEM>
            <PermissibleValues_ITEM>
               <VALIDVALUE>Accelerated Phase</VALIDVALUE>
               <VALUEMEANING>Accelerated Phase Chronic Myelogenous Leukemia</VALUEMEANING>
               <MEANINGDESCRIPTION>No Value Exists</MEANINGDESCRIPTION>
               <MEANINGCONCEPTS>C3173</MEANINGCONCEPTS>
               <PVBEGINDATE>2007-08-29</PVBEGINDATE>
               <PVENDDATE NULL="TRUE"/>
               <VMPUBLICID>2675144</VMPUBLICID>
               <VMVERSION>1</VMVERSION>
            </PermissibleValues_ITEM>
            <PermissibleValues_ITEM>
               <VALIDVALUE>Hematologic complete remission</VALIDVALUE>
               <VALUEMEANING>Hematologic CR</VALUEMEANING>
               <MEANINGDESCRIPTION>Pertaining to or related to the blood and blood-forming
organs.: The disappearance of all signs of cancer in response to treatment.  This does not always mean the cancer has been cured.</MEANINGDESCRIPTION>
               <MEANINGCONCEPTS>C62780,C4870</MEANINGCONCEPTS>
               <PVBEGINDATE>2007-08-29</PVBEGINDATE>
               <PVENDDATE NULL="TRUE"/>
               <VMPUBLICID>2675145</VMPUBLICID>
               <VMVERSION>1</VMVERSION>
            </PermissibleValues_ITEM>
         </PermissibleValues>
         <ValueDomainConcepts/>
      </VALUEDOMAIN>
      <REFERENCEDOCUMENTSLIST>
         <REFERENCEDOCUMENTSLIST_ITEM>
            <Name>If the CML was in hematologic</Name>
            <OrganizationName NULL="TRUE"/>
            <DocumentType>Preferred Question Text</DocumentType>
            <DocumentText>If the CML was in hematologic complete remission, what was the disease status before treatment?</DocumentText>
            <URL NULL="TRUE"/>
            <Language>ENGLISH</Language>
            <DisplayOrder NULL="TRUE"/>
         </REFERENCEDOCUMENTSLIST_ITEM>
         <REFERENCEDOCUMENTSLIST_ITEM>
            <Name>BRIDG mapping path for CDE:2675153</Name>
            <OrganizationName NULL="TRUE"/>
            <DocumentType>BRIDG Mapping Path</DocumentType>
            <DocumentText>&quot;PerformedDiagnosis.diseaseStatusCode [pre] WHERE PerformedDiagnosis.value [pre] = &quot;&quot;Chronic Myelogenous Leukemia(CML)&quot;&quot; AND PerformedDiagnosis [pre] &#62; PerformedObservation.methodCode = &quot;&quot;hematologic&quot;&quot; AND PerformedDiagnosis [pre] &#62; PerformedSubstanceAdministration &#62; DefinedSubstranceAdministration.nameCode = &quot;&quot;Administer Hematopoietic Cell Product{ Transplantation}&quot;&quot; AND PerformedDiagnosis [pre] &#62; Subject &#62;  PerformedDiagnosis.diseaseStatusCode [post] = &quot;&quot;complete remission&quot;&quot; AND PerformedDiagnosis [post] &#62; PerformedObservation.dateRange IS GREATER THAN PerformedSubstanceAdministration.dateRange&quot;</DocumentText>
            <URL NULL="TRUE"/>
            <Language>ENGLISH</Language>
            <DisplayOrder NULL="TRUE"/>
         </REFERENCEDOCUMENTSLIST_ITEM>
      </REFERENCEDOCUMENTSLIST>
      <CLASSIFICATIONSLIST>
         <CLASSIFICATIONSLIST_ITEM>
            <ClassificationScheme>
               <PublicId>3553940</PublicId>
               <ContextName>NHLBI</ContextName>
               <ContextVersion>1</ContextVersion>
               <PreferredName>BRIDG</PreferredName>
               <Version>1</Version>
            </ClassificationScheme>
            <ClassificationSchemeItemName>Version 3.2</ClassificationSchemeItemName>
            <ClassificationSchemeItemType>GROUP_TYPE</ClassificationSchemeItemType>
            <CsiPublicId>4133055</CsiPublicId>
            <CsiVersion>1</CsiVersion>
         </CLASSIFICATIONSLIST_ITEM>
      </CLASSIFICATIONSLIST>
      <ALTERNATENAMELIST>
         <ALTERNATENAMELIST_ITEM>
            <ContextName>NHLBI</ContextName>
            <ContextVersion>1</ContextVersion>
            <AlternateName>pre_ted_cml_sts_pre_treat</AlternateName>
            <AlternateNameType>NMDP_FN</AlternateNameType>
            <Language>ENGLISH</Language>
         </ALTERNATENAMELIST_ITEM>
         <ALTERNATENAMELIST_ITEM>
            <ContextName>NHLBI</ContextName>
            <ContextVersion>1</ContextVersion>
            <AlternateName>PerformedDiagnosis:diseaseStatusCode</AlternateName>
            <AlternateNameType>HCT_BRIDG</AlternateNameType>
            <Language>ENGLISH</Language>
         </ALTERNATENAMELIST_ITEM>
      </ALTERNATENAMELIST>
      <DATAELEMENTDERIVATION>
         <DerivationType NULL="TRUE"/>
         <DerivationTypeDescription NULL="TRUE"/>
         <Methods NULL="TRUE"/>
         <Rule NULL="TRUE"/>
         <ConcatenationCharacter NULL="TRUE"/>
         <ComponentDataElementsList NULL="TRUE"/>
      </DATAELEMENTDERIVATION>
   </DataElement>