<DataElement num="330">
      <RAI>2.16.840.1.113883.3.26.2</RAI>
      <PUBLICID>2005035</PUBLICID>
      <LONGNAME>Laboratory Procedure Hemoglobin Result Unspecified Value</LONGNAME>
      <PREFERREDNAME>LAB_HGB_RSL_UNS_VAL</PREFERREDNAME>
      <PREFERREDDEFINITION>the value (units unspecified) of the medical procedure that involves testing a sample of blood for hemoglobin, red respiratory protein of erythrocytes, to help determine a diagnosis, plan treatment, check to see if treatment is working, or monitor the disease over time.</PREFERREDDEFINITION>
      <VERSION>2</VERSION>
      <WORKFLOWSTATUS>RELEASED</WORKFLOWSTATUS>
      <CONTEXTNAME>CTEP</CONTEXTNAME>
      <CONTEXTVERSION>2.31</CONTEXTVERSION>
      <ORIGIN NULL="TRUE"/>
      <REGISTRATIONSTATUS>Qualified</REGISTRATIONSTATUS>
      <DATAELEMENTCONCEPT>
         <PublicId>2188767</PublicId>
         <PreferredName>LAB_HGB_RSLT</PreferredName>
         <PreferredDefinition>information related to the result of the medical procedure that involves testing a sample of blood for hemoglobin, red respiratory protein of erythrocytes, to help determine a diagnosis, plan treatment, check to see if treatment is working, or monitor the disease over time.</PreferredDefinition>
         <LongName>Laboratory Procedure Hemoglobin Result</LongName>
         <Version>1</Version>
         <WorkflowStatus>RELEASED</WorkflowStatus>
         <ContextName>CTEP</ContextName>
         <ContextVersion>2.31</ContextVersion>
         <ConceptualDomain>
            <PublicId>2008557</PublicId>
            <ContextName>CTEP</ContextName>
            <ContextVersion>2.31</ContextVersion>
            <PreferredName>LAB_RESULTS</PreferredName>
            <Version>1</Version>
            <LongName>Lab Results</LongName>
         </ConceptualDomain>
         <ObjectClass>
            <PublicId>2543047</PublicId>
            <ContextName>NCIP</ContextName>
            <ContextVersion>1</ContextVersion>
            <PreferredName>C25294</PreferredName>
            <Version>1</Version>
            <LongName>Test</LongName>
            <ConceptDetails>
               <ConceptDetails_ITEM>
                  <PREFERRED_NAME>C25294</PREFERRED_NAME>
                  <LONG_NAME>Laboratory Procedure</LONG_NAME>
                  <CON_ID>2202340</CON_ID>
                  <DEFINITION_SOURCE>NCI</DEFINITION_SOURCE>
                  <ORIGIN>NCI Thesaurus</ORIGIN>
                  <EVS_SOURCE>NCI_CONCEPT_CODE</EVS_SOURCE>
                  <PRIMARY_FLAG_IND>Yes</PRIMARY_FLAG_IND>
                  <DISPLAY_ORDER>0</DISPLAY_ORDER>
               </ConceptDetails_ITEM>
            </ConceptDetails>
         </ObjectClass>
         <Property>
            <PublicId>2738863</PublicId>
            <ContextName>NCIP</ContextName>
            <ContextVersion>1</ContextVersion>
            <PreferredName>C16676:C20200</PreferredName>
            <Version>1</Version>
            <LongName>Hemoglobin Result</LongName>
            <ConceptDetails>
               <ConceptDetails_ITEM>
                  <PREFERRED_NAME>C16676</PREFERRED_NAME>
                  <LONG_NAME>Hemoglobin</LONG_NAME>
                  <CON_ID>2203742</CON_ID>
                  <DEFINITION_SOURCE>NCI</DEFINITION_SOURCE>
                  <ORIGIN>NCI Thesaurus</ORIGIN>
                  <EVS_SOURCE>NCI_CONCEPT_CODE</EVS_SOURCE>
                  <PRIMARY_FLAG_IND>No</PRIMARY_FLAG_IND>
                  <DISPLAY_ORDER>1</DISPLAY_ORDER>
               </ConceptDetails_ITEM>
               <ConceptDetails_ITEM>
                  <PREFERRED_NAME>C20200</PREFERRED_NAME>
                  <LONG_NAME>Outcome</LONG_NAME>
                  <CON_ID>2203785</CON_ID>
                  <DEFINITION_SOURCE>NCI</DEFINITION_SOURCE>
                  <ORIGIN>NCI Thesaurus</ORIGIN>
                  <EVS_SOURCE>NCI_CONCEPT_CODE</EVS_SOURCE>
                  <PRIMARY_FLAG_IND>Yes</PRIMARY_FLAG_IND>
                  <DISPLAY_ORDER>0</DISPLAY_ORDER>
               </ConceptDetails_ITEM>
            </ConceptDetails>
         </Property>
         <ObjectClassQualifier NULL="TRUE"/>
         <PropertyQualifier>Hemoglobin</PropertyQualifier>
         <Origin NULL="TRUE"/>
      </DATAELEMENTCONCEPT>
      <VALUEDOMAIN>
         <PublicId>2018338</PublicId>
         <PreferredName>HGB_LAB_UNS_VAL</PreferredName>
         <PreferredDefinition>the value (units unspecified) for a hematological lab test for hemoglobin.</PreferredDefinition>
         <LongName>Hemoglobin Lab Unspecified Value</LongName>
         <Version>1</Version>
         <WorkflowStatus>RELEASED</WorkflowStatus>
         <ContextName>CTEP</ContextName>
         <ContextVersion>2.31</ContextVersion>
         <ConceptualDomain>
            <PublicId>2008557</PublicId>
            <ContextName>CTEP</ContextName>
            <ContextVersion>2.31</ContextVersion>
            <PreferredName>LAB_RESULTS</PreferredName>
            <Version>1</Version>
            <LongName>Lab Results</LongName>
         </ConceptualDomain>
         <Datatype>NUMBER</Datatype>
         <ValueDomainType>NonEnumerated</ValueDomainType>
         <UnitOfMeasure NULL="TRUE"/>
         <DisplayFormat NULL="TRUE"/>
         <MaximumLength>7</MaximumLength>
         <MinimumLength>1</MinimumLength>
         <DecimalPlace>2</DecimalPlace>
         <CharacterSetName NULL="TRUE"/>
         <MaximumValue NULL="TRUE"/>
         <MinimumValue NULL="TRUE"/>
         <Origin NULL="TRUE"/>
         <Representation>
            <PublicId>2184351</PublicId>
            <ContextName>CTEP</ContextName>
            <ContextVersion>2.31</ContextVersion>
            <PreferredName>Value</PreferredName>
            <Version>1</Version>
            <LongName>Value</LongName>
            <ConceptDetails>
               <ConceptDetails_ITEM>
                  <PREFERRED_NAME>C25712</PREFERRED_NAME>
                  <LONG_NAME>Value</LONG_NAME>
                  <CON_ID>2203990</CON_ID>
                  <DEFINITION_SOURCE>NCI</DEFINITION_SOURCE>
                  <ORIGIN>NCI Thesaurus</ORIGIN>
                  <EVS_SOURCE>NCI_CONCEPT_CODE</EVS_SOURCE>
                  <PRIMARY_FLAG_IND>Yes</PRIMARY_FLAG_IND>
                  <DISPLAY_ORDER>0</DISPLAY_ORDER>
               </ConceptDetails_ITEM>
            </ConceptDetails>
         </Representation>
         <PermissibleValues/>
         <ValueDomainConcepts/>
      </VALUEDOMAIN>
      <REFERENCEDOCUMENTSLIST>
         <REFERENCEDOCUMENTSLIST_ITEM>
            <Name>Hemoglobin</Name>
            <OrganizationName NULL="TRUE"/>
            <DocumentType>Preferred Question Text</DocumentType>
            <DocumentText>Hemoglobin</DocumentText>
            <URL NULL="TRUE"/>
            <Language>ENGLISH</Language>
            <DisplayOrder NULL="TRUE"/>
         </REFERENCEDOCUMENTSLIST_ITEM>
         <REFERENCEDOCUMENTSLIST_ITEM>
            <Name>CRF Text</Name>
            <OrganizationName NULL="TRUE"/>
            <DocumentType>Alternate Question Text</DocumentType>
            <DocumentText>Hgb</DocumentText>
            <URL NULL="TRUE"/>
            <Language>ENGLISH</Language>
            <DisplayOrder NULL="TRUE"/>
         </REFERENCEDOCUMENTSLIST_ITEM>
         <REFERENCEDOCUMENTSLIST_ITEM>
            <Name>What is the value of hemoglobin?</Name>
            <OrganizationName NULL="TRUE"/>
            <DocumentType>Alternate Question Text</DocumentType>
            <DocumentText>What is the value of hemoglobin?</DocumentText>
            <URL NULL="TRUE"/>
            <Language>ENGLISH</Language>
            <DisplayOrder NULL="TRUE"/>
         </REFERENCEDOCUMENTSLIST_ITEM>
         <REFERENCEDOCUMENTSLIST_ITEM>
            <Name>BRIDG mapping path for CDE:2005035</Name>
            <OrganizationName NULL="TRUE"/>
            <DocumentType>BRIDG Mapping Path</DocumentType>
            <DocumentText>PerformedClinicalResult.Value(ANY=&#62;PQ) WHERE PerformedClinicalResult &#62; PerformedObservation &#62; DefinedObservation.nameCode = &quot;Measure Hemoglobin&quot;</DocumentText>
            <URL NULL="TRUE"/>
            <Language>ENGLISH</Language>
            <DisplayOrder NULL="TRUE"/>
         </REFERENCEDOCUMENTSLIST_ITEM>
         <REFERENCEDOCUMENTSLIST_ITEM>
            <Name>CRF Text 2</Name>
            <OrganizationName NULL="TRUE"/>
            <DocumentType>Alternate Question Text</DocumentType>
            <DocumentText>Haemoglobin</DocumentText>
            <URL NULL="TRUE"/>
            <Language>ENGLISH</Language>
            <DisplayOrder NULL="TRUE"/>
         </REFERENCEDOCUMENTSLIST_ITEM>
      </REFERENCEDOCUMENTSLIST>
      <CLASSIFICATIONSLIST>
         <CLASSIFICATIONSLIST_ITEM>
            <ClassificationScheme>
               <PublicId>2793652</PublicId>
               <ContextName>PhenX</ContextName>
               <ContextVersion>1</ContextVersion>
               <PreferredName>PhenX </PreferredName>
               <Version>1</Version>
            </ClassificationScheme>
            <ClassificationSchemeItemName>Sickle Cell Disease Collection</ClassificationSchemeItemName>
            <ClassificationSchemeItemType>GROUP_TYPE</ClassificationSchemeItemType>
            <CsiPublicId>4809631</CsiPublicId>
            <CsiVersion>1</CsiVersion>
         </CLASSIFICATIONSLIST_ITEM>
         <CLASSIFICATIONSLIST_ITEM>
            <ClassificationScheme>
               <PublicId>2793652</PublicId>
               <ContextName>PhenX</ContextName>
               <ContextVersion>1</ContextVersion>
               <PreferredName>PhenX </PreferredName>
               <Version>1</Version>
            </ClassificationScheme>
            <ClassificationSchemeItemName>Sickle Cell Disease Core Tier 1:</ClassificationSchemeItemName>
            <ClassificationSchemeItemType>GROUP_TYPE</ClassificationSchemeItemType>
            <CsiPublicId>4925611</CsiPublicId>
            <CsiVersion>1</CsiVersion>
         </CLASSIFICATIONSLIST_ITEM>
         <CLASSIFICATIONSLIST_ITEM>
            <ClassificationScheme>
               <PublicId>2695319</PublicId>
               <ContextName>NHLBI</ContextName>
               <ContextVersion>1</ContextVersion>
               <PreferredName>NMDP: CDEs to review</PreferredName>
               <Version>1</Version>
            </ClassificationScheme>
            <ClassificationSchemeItemName>2100r1: 100 Days Post-HSCT Data</ClassificationSchemeItemName>
            <ClassificationSchemeItemType>Case Report Form</ClassificationSchemeItemType>
            <CsiPublicId>2964902</CsiPublicId>
            <CsiVersion>1</CsiVersion>
         </CLASSIFICATIONSLIST_ITEM>
         <CLASSIFICATIONSLIST_ITEM>
            <ClassificationScheme>
               <PublicId>2695319</PublicId>
               <ContextName>NHLBI</ContextName>
               <ContextVersion>1</ContextVersion>
               <PreferredName>NMDP: CDEs to review</PreferredName>
               <Version>1</Version>
            </ClassificationScheme>
            <ClassificationSchemeItemName>2000r1: Recipient Baseline Data</ClassificationSchemeItemName>
            <ClassificationSchemeItemType>Case Report Form</ClassificationSchemeItemType>
            <CsiPublicId>2964872</CsiPublicId>
            <CsiVersion>1</CsiVersion>
         </CLASSIFICATIONSLIST_ITEM>
         <CLASSIFICATIONSLIST_ITEM>
            <ClassificationScheme>
               <PublicId>2695319</PublicId>
               <ContextName>NHLBI</ContextName>
               <ContextVersion>1</ContextVersion>
               <PreferredName>NMDP: CDEs to review</PreferredName>
               <Version>1</Version>
            </ClassificationScheme>
            <ClassificationSchemeItemName>2014r1: MDS Pre-HSCT Data</ClassificationSchemeItemName>
            <ClassificationSchemeItemType>Case Report Form</ClassificationSchemeItemType>
            <CsiPublicId>2964931</CsiPublicId>
            <CsiVersion>1</CsiVersion>
         </CLASSIFICATIONSLIST_ITEM>
         <CLASSIFICATIONSLIST_ITEM>
            <ClassificationScheme>
               <PublicId>2961451</PublicId>
               <ContextName>COG</ContextName>
               <ContextVersion>1</ContextVersion>
               <PreferredName>COG</PreferredName>
               <Version>1</Version>
            </ClassificationScheme>
            <ClassificationSchemeItemName>Statistics and Data Center</ClassificationSchemeItemName>
            <ClassificationSchemeItemType>GROUP_TYPE</ClassificationSchemeItemType>
            <CsiPublicId>2961452</CsiPublicId>
            <CsiVersion>1</CsiVersion>
         </CLASSIFICATIONSLIST_ITEM>
         <CLASSIFICATIONSLIST_ITEM>
            <ClassificationScheme>
               <PublicId>2008589</PublicId>
               <ContextName>CTEP</ContextName>
               <ContextVersion>2.31</ContextVersion>
               <PreferredName>CATEGORY</PreferredName>
               <Version>2</Version>
            </ClassificationScheme>
            <ClassificationSchemeItemName>Labs</ClassificationSchemeItemName>
            <ClassificationSchemeItemType>CATEGORY_TYPE</ClassificationSchemeItemType>
            <CsiPublicId>2811957</CsiPublicId>
            <CsiVersion>1</CsiVersion>
         </CLASSIFICATIONSLIST_ITEM>
         <CLASSIFICATIONSLIST_ITEM>
            <ClassificationScheme>
               <PublicId>2857165</PublicId>
               <ContextName>CTEP</ContextName>
               <ContextVersion>2.31</ContextVersion>
               <PreferredName>CRF_DISEASE</PreferredName>
               <Version>2.31</Version>
            </ClassificationScheme>
            <ClassificationSchemeItemName>Gynecologic</ClassificationSchemeItemName>
            <ClassificationSchemeItemType>DISEASE_TYPE</ClassificationSchemeItemType>
            <CsiPublicId>2811908</CsiPublicId>
            <CsiVersion>1</CsiVersion>
         </CLASSIFICATIONSLIST_ITEM>
         <CLASSIFICATIONSLIST_ITEM>
            <ClassificationScheme>
               <PublicId>2857165</PublicId>
               <ContextName>CTEP</ContextName>
               <ContextVersion>2.31</ContextVersion>
               <PreferredName>CRF_DISEASE</PreferredName>
               <Version>2.31</Version>
            </ClassificationScheme>
            <ClassificationSchemeItemName>Leukemia</ClassificationSchemeItemName>
            <ClassificationSchemeItemType>DISEASE_TYPE</ClassificationSchemeItemType>
            <CsiPublicId>2811909</CsiPublicId>
            <CsiVersion>1</CsiVersion>
         </CLASSIFICATIONSLIST_ITEM>
         <CLASSIFICATIONSLIST_ITEM>
            <ClassificationScheme>
               <PublicId>2008594</PublicId>
               <ContextName>CTEP</ContextName>
               <ContextVersion>2.31</ContextVersion>
               <PreferredName>TTU</PreferredName>
               <Version>2.31</Version>
            </ClassificationScheme>
            <ClassificationSchemeItemName>AML Prev Untreated</ClassificationSchemeItemName>
            <ClassificationSchemeItemType>TRIAL_TYPE_USAGE</ClassificationSchemeItemType>
            <CsiPublicId>2811784</CsiPublicId>
            <CsiVersion>1</CsiVersion>
         </CLASSIFICATIONSLIST_ITEM>
         <CLASSIFICATIONSLIST_ITEM>
            <ClassificationScheme>
               <PublicId>2695319</PublicId>
               <ContextName>NHLBI</ContextName>
               <ContextVersion>1</ContextVersion>
               <PreferredName>NMDP: CDEs to review</PreferredName>
               <Version>1</Version>
            </ClassificationScheme>
            <ClassificationSchemeItemName>2131r2: Immune Deficiencies Post-HSCT Data</ClassificationSchemeItemName>
            <ClassificationSchemeItemType>Case Report Form</ClassificationSchemeItemType>
            <CsiPublicId>3234637</CsiPublicId>
            <CsiVersion>1</CsiVersion>
         </CLASSIFICATIONSLIST_ITEM>
         <CLASSIFICATIONSLIST_ITEM>
            <ClassificationScheme>
               <PublicId>2857166</PublicId>
               <ContextName>CTEP</ContextName>
               <ContextVersion>2.31</ContextVersion>
               <PreferredName>CRF_TTU</PreferredName>
               <Version>2.31</Version>
            </ClassificationScheme>
            <ClassificationSchemeItemName>AML Prev Untreated</ClassificationSchemeItemName>
            <ClassificationSchemeItemType>TRIAL_TYPE_USAGE</ClassificationSchemeItemType>
            <CsiPublicId>2811784</CsiPublicId>
            <CsiVersion>1</CsiVersion>
         </CLASSIFICATIONSLIST_ITEM>
         <CLASSIFICATIONSLIST_ITEM>
            <ClassificationScheme>
               <PublicId>2961451</PublicId>
               <ContextName>COG</ContextName>
               <ContextVersion>1</ContextVersion>
               <PreferredName>COG</PreferredName>
               <Version>1</Version>
            </ClassificationScheme>
            <ClassificationSchemeItemName>Phase 1/Pilot Consortium</ClassificationSchemeItemName>
            <ClassificationSchemeItemType>GROUP_TYPE</ClassificationSchemeItemType>
            <CsiPublicId>3303197</CsiPublicId>
            <CsiVersion>1</CsiVersion>
         </CLASSIFICATIONSLIST_ITEM>
         <CLASSIFICATIONSLIST_ITEM>
            <ClassificationScheme>
               <PublicId>2008608</PublicId>
               <ContextName>CTEP</ContextName>
               <ContextVersion>2.31</ContextVersion>
               <PreferredName>Phase</PreferredName>
               <Version>1</Version>
            </ClassificationScheme>
            <ClassificationSchemeItemName>Phase III</ClassificationSchemeItemName>
            <ClassificationSchemeItemType>Phase Type</ClassificationSchemeItemType>
            <CsiPublicId>2811890</CsiPublicId>
            <CsiVersion>1</CsiVersion>
         </CLASSIFICATIONSLIST_ITEM>
         <CLASSIFICATIONSLIST_ITEM>
            <ClassificationScheme>
               <PublicId>3553940</PublicId>
               <ContextName>NHLBI</ContextName>
               <ContextVersion>1</ContextVersion>
               <PreferredName>BRIDG</PreferredName>
               <Version>1</Version>
            </ClassificationScheme>
            <ClassificationSchemeItemName>Version 3.2</ClassificationSchemeItemName>
            <ClassificationSchemeItemType>GROUP_TYPE</ClassificationSchemeItemType>
            <CsiPublicId>4133055</CsiPublicId>
            <CsiVersion>1</CsiVersion>
         </CLASSIFICATIONSLIST_ITEM>
         <CLASSIFICATIONSLIST_ITEM>
            <ClassificationScheme>
               <PublicId>2008587</PublicId>
               <ContextName>CTEP</ContextName>
               <ContextVersion>2.31</ContextVersion>
               <PreferredName>DISEASE</PreferredName>
               <Version>2</Version>
            </ClassificationScheme>
            <ClassificationSchemeItemName>Gynecologic</ClassificationSchemeItemName>
            <ClassificationSchemeItemType>DISEASE_TYPE</ClassificationSchemeItemType>
            <CsiPublicId>2811908</CsiPublicId>
            <CsiVersion>1</CsiVersion>
         </CLASSIFICATIONSLIST_ITEM>
         <CLASSIFICATIONSLIST_ITEM>
            <ClassificationScheme>
               <PublicId>2008587</PublicId>
               <ContextName>CTEP</ContextName>
               <ContextVersion>2.31</ContextVersion>
               <PreferredName>DISEASE</PreferredName>
               <Version>2</Version>
            </ClassificationScheme>
            <ClassificationSchemeItemName>Leukemia</ClassificationSchemeItemName>
            <ClassificationSchemeItemType>DISEASE_TYPE</ClassificationSchemeItemType>
            <CsiPublicId>2811909</CsiPublicId>
            <CsiVersion>1</CsiVersion>
         </CLASSIFICATIONSLIST_ITEM>
         <CLASSIFICATIONSLIST_ITEM>
            <ClassificationScheme>
               <PublicId>2695319</PublicId>
               <ContextName>NHLBI</ContextName>
               <ContextVersion>1</ContextVersion>
               <PreferredName>NMDP: CDEs to review</PreferredName>
               <Version>1</Version>
            </ClassificationScheme>
            <ClassificationSchemeItemName>2031r2: Immune Deficiencies Pre-HSCT Data</ClassificationSchemeItemName>
            <ClassificationSchemeItemType>Case Report Form</ClassificationSchemeItemType>
            <CsiPublicId>3638517</CsiPublicId>
            <CsiVersion>1</CsiVersion>
         </CLASSIFICATIONSLIST_ITEM>
         <CLASSIFICATIONSLIST_ITEM>
            <ClassificationScheme>
               <PublicId>2857166</PublicId>
               <ContextName>CTEP</ContextName>
               <ContextVersion>2.31</ContextVersion>
               <PreferredName>CRF_TTU</PreferredName>
               <Version>2.31</Version>
            </ClassificationScheme>
            <ClassificationSchemeItemName>Primary Cervical</ClassificationSchemeItemName>
            <ClassificationSchemeItemType>TRIAL_TYPE_USAGE</ClassificationSchemeItemType>
            <CsiPublicId>2811817</CsiPublicId>
            <CsiVersion>1</CsiVersion>
         </CLASSIFICATIONSLIST_ITEM>
         <CLASSIFICATIONSLIST_ITEM>
            <ClassificationScheme>
               <PublicId>4057943</PublicId>
               <ContextName>NRG</ContextName>
               <ContextVersion>1</ContextVersion>
               <PreferredName>Disease Site</PreferredName>
               <Version>1</Version>
            </ClassificationScheme>
            <ClassificationSchemeItemName>GOG-0219</ClassificationSchemeItemName>
            <ClassificationSchemeItemType>CATEGORY_TYPE</ClassificationSchemeItemType>
            <CsiPublicId>4104879</CsiPublicId>
            <CsiVersion>1</CsiVersion>
         </CLASSIFICATIONSLIST_ITEM>
         <CLASSIFICATIONSLIST_ITEM>
            <ClassificationScheme>
               <PublicId>4057943</PublicId>
               <ContextName>NRG</ContextName>
               <ContextVersion>1</ContextVersion>
               <PreferredName>Disease Site</PreferredName>
               <Version>1</Version>
            </ClassificationScheme>
            <ClassificationSchemeItemName>GOG-0241</ClassificationSchemeItemName>
            <ClassificationSchemeItemType>CATEGORY_TYPE</ClassificationSchemeItemType>
            <CsiPublicId>4104913</CsiPublicId>
            <CsiVersion>1</CsiVersion>
         </CLASSIFICATIONSLIST_ITEM>
         <CLASSIFICATIONSLIST_ITEM>
            <ClassificationScheme>
               <PublicId>4057943</PublicId>
               <ContextName>NRG</ContextName>
               <ContextVersion>1</ContextVersion>
               <PreferredName>Disease Site</PreferredName>
               <Version>1</Version>
            </ClassificationScheme>
            <ClassificationSchemeItemName>GOG-0241</ClassificationSchemeItemName>
            <ClassificationSchemeItemType>CATEGORY_TYPE</ClassificationSchemeItemType>
            <CsiPublicId>4104913</CsiPublicId>
            <CsiVersion>1</CsiVersion>
         </CLASSIFICATIONSLIST_ITEM>
      </CLASSIFICATIONSLIST>
      <ALTERNATENAMELIST>
         <ALTERNATENAMELIST_ITEM>
            <ContextName>NHLBI</ContextName>
            <ContextVersion>1</ContextVersion>
            <AlternateName>NHLBI</AlternateName>
            <AlternateNameType>USED_BY</AlternateNameType>
            <Language>ENGLISH</Language>
         </ALTERNATENAMELIST_ITEM>
         <ALTERNATENAMELIST_ITEM>
            <ContextName>NHLBI</ContextName>
            <ContextVersion>1</ContextVersion>
            <AlternateName>current_hgb_rslt</AlternateName>
            <AlternateNameType>NMDP_FN</AlternateNameType>
            <Language>ENGLISH</Language>
         </ALTERNATENAMELIST_ITEM>
         <ALTERNATENAMELIST_ITEM>
            <ContextName>NHLBI</ContextName>
            <ContextVersion>1</ContextVersion>
            <AlternateName>prep_hgb_rslt</AlternateName>
            <AlternateNameType>NMDP_FN</AlternateNameType>
            <Language>ENGLISH</Language>
         </ALTERNATENAMELIST_ITEM>
         <ALTERNATENAMELIST_ITEM>
            <ContextName>NHLBI</ContextName>
            <ContextVersion>1</ContextVersion>
            <AlternateName>cml_base_hgb_at_diag_rst</AlternateName>
            <AlternateNameType>NMDP_FN</AlternateNameType>
            <Language>ENGLISH</Language>
         </ALTERNATENAMELIST_ITEM>
         <ALTERNATENAMELIST_ITEM>
            <ContextName>NHLBI</ContextName>
            <ContextVersion>1</ContextVersion>
            <AlternateName>mds_base_diag_hgb_val</AlternateName>
            <AlternateNameType>NMDP_FN</AlternateNameType>
            <Language>ENGLISH</Language>
         </ALTERNATENAMELIST_ITEM>
         <ALTERNATENAMELIST_ITEM>
            <ContextName>NHLBI</ContextName>
            <ContextVersion>1</ContextVersion>
            <AlternateName>PerformedClinicalResult:value</AlternateName>
            <AlternateNameType>HCT_BRIDG</AlternateNameType>
            <Language>ENGLISH</Language>
         </ALTERNATENAMELIST_ITEM>
         <ALTERNATENAMELIST_ITEM>
            <ContextName>NHLBI</ContextName>
            <ContextVersion>1</ContextVersion>
            <AlternateName>id_diag_hgb_rslt</AlternateName>
            <AlternateNameType>NMDP_FN</AlternateNameType>
            <Language>ENGLISH</Language>
         </ALTERNATENAMELIST_ITEM>
         <ALTERNATENAMELIST_ITEM>
            <ContextName>NHLBI</ContextName>
            <ContextVersion>1</ContextVersion>
            <AlternateName>id_post_mrecent_hgb_rst</AlternateName>
            <AlternateNameType>NMDP_FN</AlternateNameType>
            <Language>ENGLISH</Language>
         </ALTERNATENAMELIST_ITEM>
         <ALTERNATENAMELIST_ITEM>
            <ContextName>CTEP</ContextName>
            <ContextVersion>2.31</ContextVersion>
            <AlternateName>LAB_HGB_RSL_UNS_VAL</AlternateName>
            <AlternateNameType>USED_BY</AlternateNameType>
            <Language>ENGLISH</Language>
         </ALTERNATENAMELIST_ITEM>
         <ALTERNATENAMELIST_ITEM>
            <ContextName>Alliance</ContextName>
            <ContextVersion>1</ContextVersion>
            <AlternateName>LAB_HGB_RSL_UNS_VAL</AlternateName>
            <AlternateNameType>USED_BY</AlternateNameType>
            <Language>ENGLISH</Language>
         </ALTERNATENAMELIST_ITEM>
         <ALTERNATENAMELIST_ITEM>
            <ContextName>NRG</ContextName>
            <ContextVersion>1</ContextVersion>
            <AlternateName>LAB_HGB_RSL_UNS_VAL</AlternateName>
            <AlternateNameType>USED_BY</AlternateNameType>
            <Language>ENGLISH</Language>
         </ALTERNATENAMELIST_ITEM>
         <ALTERNATENAMELIST_ITEM>
            <ContextName>NCIP</ContextName>
            <ContextVersion>1</ContextVersion>
            <AlternateName>caBIG</AlternateName>
            <AlternateNameType>USED_BY</AlternateNameType>
            <Language>ENGLISH</Language>
         </ALTERNATENAMELIST_ITEM>
      </ALTERNATENAMELIST>
      <DATAELEMENTDERIVATION>
         <DerivationType NULL="TRUE"/>
         <DerivationTypeDescription NULL="TRUE"/>
         <Methods NULL="TRUE"/>
         <Rule NULL="TRUE"/>
         <ConcatenationCharacter NULL="TRUE"/>
         <ComponentDataElementsList NULL="TRUE"/>
      </DATAELEMENTDERIVATION>
   </DataElement>