<?xml version = '1.0' encoding = 'UTF-8'?>
<DataElementsList>
   <DataElement num="1">
      <LONGNAME>!!!!!!!!!!This is CDE Long Name</LONGNAME>
      <DATAELEMENTCONCEPT>
         <ObjectClass>
            <LongName>!!!!!!!!!!This is Object Class</LongName>
         </ObjectClass>
         <Property>
            <LongName>!!!!!!!!!!This is Property</LongName>
         </Property>
      </DATAELEMENTCONCEPT>
      <VALUEDOMAIN>
         <LongName>!!!!!!!!!!This is Value Domain Long Name</LongName>
         <Representation>
            <LongName>!!!!!!!!!!This is Representation Term</LongName>
         </Representation>
         <PermissibleValues/>
         <ValueDomainConcepts/>
      </VALUEDOMAIN>
      <REFERENCEDOCUMENTSLIST>
         <REFERENCEDOCUMENTSLIST_ITEM>
            <DocumentType>Preferred Question Text</DocumentType>
            <DocumentText>!!!!!!!!!!This is Question Text</DocumentText>
         </REFERENCEDOCUMENTSLIST_ITEM>
      </REFERENCEDOCUMENTSLIST>
      <ALTERNATENAMELIST>
         <ALTERNATENAMELIST_ITEM>
            <AlternateName>!!!!!!!!!!This is BRIDG Cls Name:something</AlternateName>
            <AlternateNameType>HCT_BRIDG</AlternateNameType>
         </ALTERNATENAMELIST_ITEM>
      </ALTERNATENAMELIST>
   </DataElement>

</DataElementsList>
