<?xml version = '1.0' encoding = 'UTF-8'?>
<DataElementsList>
   <DataElement num="1">
      <RAI>2.16.840.1.113883.3.26.2</RAI>
      <PUBLICID>62744</PUBLICID>
      <LONGNAME>!!!!!!!!!!This is CDE Long Name</LONGNAME>
      <PREFERREDNAME>SYSTX_ADM_IND-3</PREFERREDNAME>
      <PREFERREDDEFINITION>the yes/no indictor to specify if the treatment that uses substances that travel through the bloodstream, reaching and affecting cells all over the body, has been administered.</PREFERREDDEFINITION>
      <VERSION>3</VERSION>
      <WORKFLOWSTATUS>RELEASED</WORKFLOWSTATUS>
      <CONTEXTNAME>CTEP</CONTEXTNAME>
      <CONTEXTVERSION>2.31</CONTEXTVERSION>
      <ORIGIN NULL="TRUE"/>
      <REGISTRATIONSTATUS>Qualified</REGISTRATIONSTATUS>
      <DATAELEMENTCONCEPT>
         <PublicId>2014193</PublicId>
         <PreferredName>SYSTX_ADM</PreferredName>
         <PreferredDefinition>the administration of systemic therapy to an individual.</PreferredDefinition>
         <LongName>Systemic Therapy Administered</LongName>
         <Version>1</Version>
         <WorkflowStatus>RELEASED</WorkflowStatus>
         <ContextName>CTEP</ContextName>
         <ContextVersion>2.31</ContextVersion>
         <ConceptualDomain>
            <PublicId>2008538</PublicId>
            <ContextName>CTEP</ContextName>
            <ContextVersion>2.31</ContextVersion>
            <PreferredName>TX</PreferredName>
            <Version>1</Version>
            <LongName>Therapies</LongName>
         </ConceptualDomain>
         <ObjectClass>
            <PublicId>2176918</PublicId>
            <ContextName>CTEP</ContextName>
            <ContextVersion>2.31</ContextVersion>
            <PreferredName>Systemic Therapy This is Object Class4</PreferredName>
            <Version>1</Version>
            <LongName>!!!!!!!!!!This is Object Class</LongName>
            <ConceptDetails>
               <ConceptDetails_ITEM>
                  <PREFERRED_NAME>C15698</PREFERRED_NAME>
                  <LONG_NAME>Systemic Therapy2</LONG_NAME>
                  <CON_ID>2202843</CON_ID>
                  <DEFINITION_SOURCE>NCI-GLOSS</DEFINITION_SOURCE>
                  <ORIGIN>NCI Thesaurus</ORIGIN>
                  <EVS_SOURCE>NCI_CONCEPT_CODE</EVS_SOURCE>
                  <PRIMARY_FLAG_IND>Yes</PRIMARY_FLAG_IND>
                  <DISPLAY_ORDER>0</DISPLAY_ORDER>
               </ConceptDetails_ITEM>
            </ConceptDetails>
         </ObjectClass>
         <Property>
            <PublicId>2177665</PublicId>
            <ContextName>CTEP</ContextName>
            <ContextVersion>2.31</ContextVersion>
            <PreferredName>Administered This is Property1</PreferredName>
            <Version>1</Version>
            <LongName>!!!!!!!!!!This is Property</LongName>
            <ConceptDetails>
               <ConceptDetails_ITEM>
                  <PREFERRED_NAME>C25382</PREFERRED_NAME>
                  <LONG_NAME>Administered This is Property3</LONG_NAME>
                  <CON_ID>2204029</CON_ID>
                  <DEFINITION_SOURCE>NCI</DEFINITION_SOURCE>
                  <ORIGIN>NCI Thesaurus</ORIGIN>
                  <EVS_SOURCE>NCI_CONCEPT_CODE</EVS_SOURCE>
                  <PRIMARY_FLAG_IND>Yes</PRIMARY_FLAG_IND>
                  <DISPLAY_ORDER>0</DISPLAY_ORDER>
               </ConceptDetails_ITEM>
            </ConceptDetails>
         </Property>
         <ObjectClassQualifier NULL="TRUE"/>
         <PropertyQualifier NULL="TRUE"/>
         <Origin NULL="TRUE"/>
      </DATAELEMENTCONCEPT>
      <VALUEDOMAIN>
         <PublicId>3506034</PublicId>
         <PreferredName>YES_NO_UNKNOWN_IND</PreferredName>
         <PreferredDefinition>The preferred Value Domain to indicate a question with permissible values of yes/no/unknown.</PreferredDefinition>
         <LongName>!!!!!!!!!!This is Value Domain Long Name</LongName>
         <Version>1</Version>
         <WorkflowStatus>RELEASED</WorkflowStatus>
         <ContextName>NCI Standards</ContextName>
         <ContextVersion>1</ContextVersion>
         <ConceptualDomain>
            <PublicId>3502157</PublicId>
            <ContextName>CTEP</ContextName>
            <ContextVersion>2.31</ContextVersion>
            <PreferredName>YES_NO_IND_VD</PreferredName>
            <Version>1</Version>
            <LongName>Yes No Indicator Value Domains</LongName>
         </ConceptualDomain>
         <Datatype>CHARACTER</Datatype>
         <ValueDomainType>Enumerated</ValueDomainType>
         <UnitOfMeasure NULL="TRUE"/>
         <DisplayFormat NULL="TRUE"/>
         <MaximumLength>7</MaximumLength>
         <MinimumLength>2</MinimumLength>
         <DecimalPlace NULL="TRUE"/>
         <CharacterSetName NULL="TRUE"/>
         <MaximumValue NULL="TRUE"/>
         <MinimumValue NULL="TRUE"/>
         <Origin NULL="TRUE"/>
         <Representation>
            <PublicId>2548260</PublicId>
            <ContextName>NCIP</ContextName>
            <ContextVersion>1</ContextVersion>
            <PreferredName>C38148</PreferredName>
            <Version>1</Version>
            <LongName>!!!!!!!!!!This is Representation Term</LongName>
            <ConceptDetails>
               <ConceptDetails_ITEM>
                  <PREFERRED_NAME>C38148</PREFERRED_NAME>
                  <LONG_NAME>Yes, No, or Unknown Response</LONG_NAME>
                  <CON_ID>2204653</CON_ID>
                  <DEFINITION_SOURCE>NCI</DEFINITION_SOURCE>
                  <ORIGIN>NCI Thesaurus</ORIGIN>
                  <EVS_SOURCE>NCI_CONCEPT_CODE</EVS_SOURCE>
                  <PRIMARY_FLAG_IND>Yes</PRIMARY_FLAG_IND>
                  <DISPLAY_ORDER>0</DISPLAY_ORDER>
               </ConceptDetails_ITEM>
            </ConceptDetails>
         </Representation>
         <PermissibleValues>
            <PermissibleValues_ITEM>
               <VALIDVALUE>Yes</VALIDVALUE>
               <VALUEMEANING>Yes</VALUEMEANING>
               <MEANINGDESCRIPTION>The affirmative response to a question.</MEANINGDESCRIPTION>
               <MEANINGCONCEPTS>C49488</MEANINGCONCEPTS>
               <PVBEGINDATE>2012-06-27</PVBEGINDATE>
               <PVENDDATE NULL="TRUE"/>
               <VMPUBLICID>3197153</VMPUBLICID>
               <VMVERSION>1</VMVERSION>
            </PermissibleValues_ITEM>
            <PermissibleValues_ITEM>
               <VALIDVALUE>No</VALIDVALUE>
               <VALUEMEANING>No</VALUEMEANING>
               <MEANINGDESCRIPTION>The non-affirmative response to a question.</MEANINGDESCRIPTION>
               <MEANINGCONCEPTS>C49487</MEANINGCONCEPTS>
               <PVBEGINDATE>2012-06-27</PVBEGINDATE>
               <PVENDDATE NULL="TRUE"/>
               <VMPUBLICID>3197154</VMPUBLICID>
               <VMVERSION>1</VMVERSION>
            </PermissibleValues_ITEM>
            <PermissibleValues_ITEM>
               <VALIDVALUE>Unknown</VALIDVALUE>
               <VALUEMEANING>Unknown</VALUEMEANING>
               <MEANINGDESCRIPTION>Not known, not observed, not recorded, or refused.</MEANINGDESCRIPTION>
               <MEANINGCONCEPTS>C17998</MEANINGCONCEPTS>
               <PVBEGINDATE>2012-06-27</PVBEGINDATE>
               <PVENDDATE NULL="TRUE"/>
               <VMPUBLICID>3241403</VMPUBLICID>
               <VMVERSION>1</VMVERSION>
            </PermissibleValues_ITEM>
         </PermissibleValues>
         <ValueDomainConcepts/>
      </VALUEDOMAIN>
      <REFERENCEDOCUMENTSLIST>
         <REFERENCEDOCUMENTSLIST_ITEM>
            <Name>CRF Text</Name>
            <OrganizationName NULL="TRUE"/>
            <DocumentType>Alternate Question Text</DocumentType>
            <DocumentText>Systemic Therapy Ind</DocumentText>
            <URL NULL="TRUE"/>
            <Language>ENGLISH</Language>
            <DisplayOrder NULL="TRUE"/>
         </REFERENCEDOCUMENTSLIST_ITEM>
         <REFERENCEDOCUMENTSLIST_ITEM>
            <Name>Has the patient received syst</Name>
            <OrganizationName NULL="TRUE"/>
            <DocumentType>Preferred Question Text</DocumentType>
            <DocumentText>!!!!!!!!!!This is Question Text</DocumentText>
            <URL NULL="TRUE"/>
            <Language>ENGLISH</Language>
            <DisplayOrder NULL="TRUE"/>
         </REFERENCEDOCUMENTSLIST_ITEM>
         <REFERENCEDOCUMENTSLIST_ITEM>
            <Name>CRF Text2</Name>
            <OrganizationName NULL="TRUE"/>
            <DocumentType>Alternate Question Text</DocumentType>
            <DocumentText>Has the patient received at least two cycles of initial systemic therapy</DocumentText>
            <URL NULL="TRUE"/>
            <Language>ENGLISH</Language>
            <DisplayOrder NULL="TRUE"/>
         </REFERENCEDOCUMENTSLIST_ITEM>
         <REFERENCEDOCUMENTSLIST_ITEM>
            <Name>Systemic therapy3</Name>
            <OrganizationName NULL="TRUE"/>
            <DocumentType>Application Standard Question Text</DocumentType>
            <DocumentText>Systemic therapy This is Object Class1</DocumentText>
            <URL NULL="TRUE"/>
            <Language>ENGLISH</Language>
            <DisplayOrder NULL="TRUE"/>
         </REFERENCEDOCUMENTSLIST_ITEM>
         <REFERENCEDOCUMENTSLIST_ITEM>
            <Name>Systemic therapy This is Object Class2</Name>
            <OrganizationName NULL="TRUE"/>
            <DocumentType>Alternate Question Text</DocumentType>
            <DocumentText>Systemic therapy This is Object Class3</DocumentText>
            <URL NULL="TRUE"/>
            <Language>ENGLISH</Language>
            <DisplayOrder NULL="TRUE"/>
         </REFERENCEDOCUMENTSLIST_ITEM>
         <REFERENCEDOCUMENTSLIST_ITEM>
            <Name>CRF Text 3</Name>
            <OrganizationName NULL="TRUE"/>
            <DocumentType>Alternate Question Text</DocumentType>
            <DocumentText>Has had prior systemic therapy for MCC</DocumentText>
            <URL NULL="TRUE"/>
            <Language>ENGLISH</Language>
            <DisplayOrder NULL="TRUE"/>
         </REFERENCEDOCUMENTSLIST_ITEM>
         <REFERENCEDOCUMENTSLIST_ITEM>
            <Name>CITN</Name>
            <OrganizationName NULL="TRUE"/>
            <DocumentType>Alternate Question Text</DocumentType>
            <DocumentText>Has had prior systemic therapy for MCC. Note: Prior systemic cytotoxic chemotherapy will be allowed if it was administered in the adjuvant setting (no clinically detectable MCC at the time) and treatment concluded more than 6 months prior to beginning study treatment.</DocumentText>
            <URL NULL="TRUE"/>
            <Language>ENGLISH</Language>
            <DisplayOrder NULL="TRUE"/>
         </REFERENCEDOCUMENTSLIST_ITEM>
         <REFERENCEDOCUMENTSLIST_ITEM>
            <Name>Was systemic therapy used to treat acute GVHD?</Name>
            <OrganizationName NULL="TRUE"/>
            <DocumentType>Alternate Question Text</DocumentType>
            <DocumentText>Was systemic therapy used to treat acute GVHD?</DocumentText>
            <URL NULL="TRUE"/>
            <Language>ENGLISH</Language>
            <DisplayOrder NULL="TRUE"/>
         </REFERENCEDOCUMENTSLIST_ITEM>
         <REFERENCEDOCUMENTSLIST_ITEM>
            <Name>CRF_Text_4</Name>
            <OrganizationName NULL="TRUE"/>
            <DocumentType>Alternate Question Text</DocumentType>
            <DocumentText>Did the patient receive systemic therapy to treat this recurrence</DocumentText>
            <URL NULL="TRUE"/>
            <Language>ENGLISH</Language>
            <DisplayOrder NULL="TRUE"/>
         </REFERENCEDOCUMENTSLIST_ITEM>
         <REFERENCEDOCUMENTSLIST_ITEM>
            <Name>Was systemic therapy given to treat chronic GVHD?</Name>
            <OrganizationName NULL="TRUE"/>
            <DocumentType>Alternate Question Text</DocumentType>
            <DocumentText>Was systemic therapy given to treat chronic GVHD?</DocumentText>
            <URL NULL="TRUE"/>
            <Language>ENGLISH</Language>
            <DisplayOrder NULL="TRUE"/>
         </REFERENCEDOCUMENTSLIST_ITEM>
         <REFERENCEDOCUMENTSLIST_ITEM>
            <Name>Was systemic therapy given immediately prior to cellular therapy as part of the cellular therapy protocol?</Name>
            <OrganizationName NULL="TRUE"/>
            <DocumentType>Alternate Question Text</DocumentType>
            <DocumentText>Was systemic therapy given immediately prior to cellular therapy as part of the cellular therapy protocol?</DocumentText>
            <URL NULL="TRUE"/>
            <Language>ENGLISH</Language>
            <DisplayOrder NULL="TRUE"/>
         </REFERENCEDOCUMENTSLIST_ITEM>
         <REFERENCEDOCUMENTSLIST_ITEM>
            <Name>Were systemic drugs given?</Name>
            <OrganizationName NULL="TRUE"/>
            <DocumentType>Alternate Question Text</DocumentType>
            <DocumentText>Were systemic drugs given?</DocumentText>
            <URL NULL="TRUE"/>
            <Language>ENGLISH</Language>
            <DisplayOrder NULL="TRUE"/>
         </REFERENCEDOCUMENTSLIST_ITEM>
         <REFERENCEDOCUMENTSLIST_ITEM>
            <Name>BRIDG Mapping Path for 62744</Name>
            <OrganizationName NULL="TRUE"/>
            <DocumentType>BRIDG Mapping Path</DocumentType>
            <DocumentText>PerformedProcedure1[1] AND DefinedProcedure[2] &#62; PerformedProcedure2[2] AND DefinedProcedure[3] &#62; PerformedProcedure3[3] AND PerformedProcedure4[1].negationIndicator WHERE DefinedProcedure[1].nameCode = 'Perform Cellular Therapy Protocol' AND  DefinedProcedure[2].nameCode = 'Perform Systemic Therapy' AND  DefinedProcedure[3].nameCode = 'Perform Cellular Therapy' AND  DefinedCompositionRelationship[1a].joinCode = 'Master Protocol' AND  DefinedCompositionRelationship[1a].sequence = 1 AND  DefinedCompositionRelationship[2a].joinCode = 'immediately prior' AND  DefinedCompositionRelationship[1a].sequence = 2 AND  PerformedProcedure5[1].negationIndicator = 'false'  AND  PerformedProcedure6[3].negationIndicator = 'false'</DocumentText>
            <URL NULL="TRUE"/>
            <Language>ENGLISH</Language>
            <DisplayOrder NULL="TRUE"/>
         </REFERENCEDOCUMENTSLIST_ITEM>
         <REFERENCEDOCUMENTSLIST_ITEM>
            <Name>CRF Text5</Name>
            <OrganizationName NULL="TRUE"/>
            <DocumentType>Alternate Question Text</DocumentType>
            <DocumentText>Did the patient receive systemic treatment for a prior recurrence?</DocumentText>
            <URL NULL="TRUE"/>
            <Language>ENGLISH</Language>
            <DisplayOrder NULL="TRUE"/>
         </REFERENCEDOCUMENTSLIST_ITEM>
      </REFERENCEDOCUMENTSLIST>
      <CLASSIFICATIONSLIST>
         <CLASSIFICATIONSLIST_ITEM>
            <ClassificationScheme>
               <PublicId>2695319</PublicId>
               <ContextName>NHLBI</ContextName>
               <ContextVersion>1</ContextVersion>
               <PreferredName>NMDP: CDEs to review</PreferredName>
               <Version>1</Version>
            </ClassificationScheme>
            <ClassificationSchemeItemName>2010r1: Acute Myelogenous Leukemia Pre-HSCT Data</ClassificationSchemeItemName>
            <ClassificationSchemeItemType>Case Report Form</ClassificationSchemeItemType>
            <CsiPublicId>2964927</CsiPublicId>
            <CsiVersion>1</CsiVersion>
         </CLASSIFICATIONSLIST_ITEM>
         <CLASSIFICATIONSLIST_ITEM>
            <ClassificationScheme>
               <PublicId>2695319</PublicId>
               <ContextName>NHLBI</ContextName>
               <ContextVersion>1</ContextVersion>
               <PreferredName>NMDP: CDEs to review</PreferredName>
               <Version>1</Version>
            </ClassificationScheme>
            <ClassificationSchemeItemName>2012r1: CML Pre-HSCT Data</ClassificationSchemeItemName>
            <ClassificationSchemeItemType>Case Report Form</ClassificationSchemeItemType>
            <CsiPublicId>2964929</CsiPublicId>
            <CsiVersion>1</CsiVersion>
         </CLASSIFICATIONSLIST_ITEM>
         <CLASSIFICATIONSLIST_ITEM>
            <ClassificationScheme>
               <PublicId>2695319</PublicId>
               <ContextName>NHLBI</ContextName>
               <ContextVersion>1</ContextVersion>
               <PreferredName>NMDP: CDEs to review</PreferredName>
               <Version>1</Version>
            </ClassificationScheme>
            <ClassificationSchemeItemName>2112r1: CML Post-HSCT Data</ClassificationSchemeItemName>
            <ClassificationSchemeItemType>Case Report Form</ClassificationSchemeItemType>
            <CsiPublicId>2964905</CsiPublicId>
            <CsiVersion>1</CsiVersion>
         </CLASSIFICATIONSLIST_ITEM>
         <CLASSIFICATIONSLIST_ITEM>
            <ClassificationScheme>
               <PublicId>2695319</PublicId>
               <ContextName>NHLBI</ContextName>
               <ContextVersion>1</ContextVersion>
               <PreferredName>NMDP: CDEs to review</PreferredName>
               <Version>1</Version>
            </ClassificationScheme>
            <ClassificationSchemeItemName>2014r1: MDS Pre-HSCT Data</ClassificationSchemeItemName>
            <ClassificationSchemeItemType>Case Report Form</ClassificationSchemeItemType>
            <CsiPublicId>2964931</CsiPublicId>
            <CsiVersion>1</CsiVersion>
         </CLASSIFICATIONSLIST_ITEM>
         <CLASSIFICATIONSLIST_ITEM>
            <ClassificationScheme>
               <PublicId>2695319</PublicId>
               <ContextName>NHLBI</ContextName>
               <ContextVersion>1</ContextVersion>
               <PreferredName>NMDP: CDEs to review</PreferredName>
               <Version>1</Version>
            </ClassificationScheme>
            <ClassificationSchemeItemName>2116r1: Myeloma Post-HSCT Data</ClassificationSchemeItemName>
            <ClassificationSchemeItemType>Case Report Form</ClassificationSchemeItemType>
            <CsiPublicId>2964908</CsiPublicId>
            <CsiVersion>1</CsiVersion>
         </CLASSIFICATIONSLIST_ITEM>
         <CLASSIFICATIONSLIST_ITEM>
            <ClassificationScheme>
               <PublicId>2695319</PublicId>
               <ContextName>NHLBI</ContextName>
               <ContextVersion>1</ContextVersion>
               <PreferredName>NMDP: CDEs to review</PreferredName>
               <Version>1</Version>
            </ClassificationScheme>
            <ClassificationSchemeItemName>2118r1: Lymphoma Post-HSCT Data</ClassificationSchemeItemName>
            <ClassificationSchemeItemType>Case Report Form</ClassificationSchemeItemType>
            <CsiPublicId>2964911</CsiPublicId>
            <CsiVersion>1</CsiVersion>
         </CLASSIFICATIONSLIST_ITEM>
         <CLASSIFICATIONSLIST_ITEM>
            <ClassificationScheme>
               <PublicId>2695319</PublicId>
               <ContextName>NHLBI</ContextName>
               <ContextVersion>1</ContextVersion>
               <PreferredName>NMDP: CDEs to review</PreferredName>
               <Version>1</Version>
            </ClassificationScheme>
            <ClassificationSchemeItemName>2013r1: CLL Pre-HSCT Data</ClassificationSchemeItemName>
            <ClassificationSchemeItemType>Case Report Form</ClassificationSchemeItemType>
            <CsiPublicId>2964930</CsiPublicId>
            <CsiVersion>1</CsiVersion>
         </CLASSIFICATIONSLIST_ITEM>
         <CLASSIFICATIONSLIST_ITEM>
            <ClassificationScheme>
               <PublicId>2695319</PublicId>
               <ContextName>NHLBI</ContextName>
               <ContextVersion>1</ContextVersion>
               <PreferredName>NMDP: CDEs to review</PreferredName>
               <Version>1</Version>
            </ClassificationScheme>
            <ClassificationSchemeItemName>2025r1: Central Nervous System Tumor Pre-HSCT Data</ClassificationSchemeItemName>
            <ClassificationSchemeItemType>Case Report Form</ClassificationSchemeItemType>
            <CsiPublicId>2964893</CsiPublicId>
            <CsiVersion>1</CsiVersion>
         </CLASSIFICATIONSLIST_ITEM>
         <CLASSIFICATIONSLIST_ITEM>
            <ClassificationScheme>
               <PublicId>2695319</PublicId>
               <ContextName>NHLBI</ContextName>
               <ContextVersion>1</ContextVersion>
               <PreferredName>NMDP: CDEs to review</PreferredName>
               <Version>1</Version>
            </ClassificationScheme>
            <ClassificationSchemeItemName>2125r1: Central Nervous System Tumor Post-HSCT Data</ClassificationSchemeItemName>
            <ClassificationSchemeItemType>Case Report Form</ClassificationSchemeItemType>
            <CsiPublicId>2964915</CsiPublicId>
            <CsiVersion>1</CsiVersion>
         </CLASSIFICATIONSLIST_ITEM>
         <CLASSIFICATIONSLIST_ITEM>
            <ClassificationScheme>
               <PublicId>2695319</PublicId>
               <ContextName>NHLBI</ContextName>
               <ContextVersion>1</ContextVersion>
               <PreferredName>NMDP: CDEs to review</PreferredName>
               <Version>1</Version>
            </ClassificationScheme>
            <ClassificationSchemeItemName>2026r1: Neuroblastoma Pre-HSCT Data</ClassificationSchemeItemName>
            <ClassificationSchemeItemType>Case Report Form</ClassificationSchemeItemType>
            <CsiPublicId>2964894</CsiPublicId>
            <CsiVersion>1</CsiVersion>
         </CLASSIFICATIONSLIST_ITEM>
         <CLASSIFICATIONSLIST_ITEM>
            <ClassificationScheme>
               <PublicId>2695319</PublicId>
               <ContextName>NHLBI</ContextName>
               <ContextVersion>1</ContextVersion>
               <PreferredName>NMDP: CDEs to review</PreferredName>
               <Version>1</Version>
            </ClassificationScheme>
            <ClassificationSchemeItemName>2022r1: Testicular / Germ Cell Cancer Pre-HSCT Data</ClassificationSchemeItemName>
            <ClassificationSchemeItemType>Case Report Form</ClassificationSchemeItemType>
            <CsiPublicId>2964899</CsiPublicId>
            <CsiVersion>1</CsiVersion>
         </CLASSIFICATIONSLIST_ITEM>
         <CLASSIFICATIONSLIST_ITEM>
            <ClassificationScheme>
               <PublicId>2008589</PublicId>
               <ContextName>CTEP</ContextName>
               <ContextVersion>2.31</ContextVersion>
               <PreferredName>CATEGORY</PreferredName>
               <Version>2</Version>
            </ClassificationScheme>
            <ClassificationSchemeItemName>Treatment</ClassificationSchemeItemName>
            <ClassificationSchemeItemType>CATEGORY_TYPE</ClassificationSchemeItemType>
            <CsiPublicId>2811963</CsiPublicId>
            <CsiVersion>1</CsiVersion>
         </CLASSIFICATIONSLIST_ITEM>
         <CLASSIFICATIONSLIST_ITEM>
            <ClassificationScheme>
               <PublicId>2008588</PublicId>
               <ContextName>CTEP</ContextName>
               <ContextVersion>2.31</ContextVersion>
               <PreferredName>USAGE</PreferredName>
               <Version>2</Version>
            </ClassificationScheme>
            <ClassificationSchemeItemName>CLINICAL TRIALS</ClassificationSchemeItemName>
            <ClassificationSchemeItemType>USAGE_TYPE</ClassificationSchemeItemType>
            <CsiPublicId>2811782</CsiPublicId>
            <CsiVersion>1</CsiVersion>
         </CLASSIFICATIONSLIST_ITEM>
         <CLASSIFICATIONSLIST_ITEM>
            <ClassificationScheme>
               <PublicId>2008587</PublicId>
               <ContextName>CTEP</ContextName>
               <ContextVersion>2.31</ContextVersion>
               <PreferredName>DISEASE</PreferredName>
               <Version>2</Version>
            </ClassificationScheme>
            <ClassificationSchemeItemName>Sarcoma</ClassificationSchemeItemName>
            <ClassificationSchemeItemType>DISEASE_TYPE</ClassificationSchemeItemType>
            <CsiPublicId>2811883</CsiPublicId>
            <CsiVersion>1</CsiVersion>
         </CLASSIFICATIONSLIST_ITEM>
         <CLASSIFICATIONSLIST_ITEM>
            <ClassificationScheme>
               <PublicId>2008587</PublicId>
               <ContextName>CTEP</ContextName>
               <ContextVersion>2.31</ContextVersion>
               <PreferredName>DISEASE</PreferredName>
               <Version>2</Version>
            </ClassificationScheme>
            <ClassificationSchemeItemName>Bladder</ClassificationSchemeItemName>
            <ClassificationSchemeItemType>DISEASE_TYPE</ClassificationSchemeItemType>
            <CsiPublicId>2811907</CsiPublicId>
            <CsiVersion>1</CsiVersion>
         </CLASSIFICATIONSLIST_ITEM>
         <CLASSIFICATIONSLIST_ITEM>
            <ClassificationScheme>
               <PublicId>2008587</PublicId>
               <ContextName>CTEP</ContextName>
               <ContextVersion>2.31</ContextVersion>
               <PreferredName>DISEASE</PreferredName>
               <Version>2</Version>
            </ClassificationScheme>
            <ClassificationSchemeItemName>Brain</ClassificationSchemeItemName>
            <ClassificationSchemeItemType>DISEASE_TYPE</ClassificationSchemeItemType>
            <CsiPublicId>2811949</CsiPublicId>
            <CsiVersion>1</CsiVersion>
         </CLASSIFICATIONSLIST_ITEM>
      </CLASSIFICATIONSLIST>
      <ALTERNATENAMELIST>
         <ALTERNATENAMELIST_ITEM>
            <ContextName>CTEP</ContextName>
            <ContextVersion>2.31</ContextVersion>
            <AlternateName>0000714</AlternateName>
            <AlternateNameType>HISTORICAL_CDE_ID</AlternateNameType>
            <Language>ENGLISH</Language>
         </ALTERNATENAMELIST_ITEM>
         <ALTERNATENAMELIST_ITEM>
            <ContextName>NHLBI</ContextName>
            <ContextVersion>1</ContextVersion>
            <AlternateName>CLLP_LTHM_systemic_therapy_yn</AlternateName>
            <AlternateNameType>NMDP_FN</AlternateNameType>
            <Language>ENGLISH</Language>
         </ALTERNATENAMELIST_ITEM>
         <ALTERNATENAMELIST_ITEM>
            <ContextName>NHLBI</ContextName>
            <ContextVersion>1</ContextVersion>
            <AlternateName>cns_post_tx_rlps_chemo_yn</AlternateName>
            <AlternateNameType>NMDP_FN</AlternateNameType>
            <Language>ENGLISH</Language>
         </ALTERNATENAMELIST_ITEM>
         <ALTERNATENAMELIST_ITEM>
            <ContextName>NHLBI</ContextName>
            <ContextVersion>1</ContextVersion>
            <AlternateName>NHLBI</AlternateName>
            <AlternateNameType>USED_BY</AlternateNameType>
            <Language>ENGLISH</Language>
         </ALTERNATENAMELIST_ITEM>
         <ALTERNATENAMELIST_ITEM>
            <ContextName>NHLBI</ContextName>
            <ContextVersion>1</ContextVersion>
            <AlternateName>cll_base_tx_system_it_yn</AlternateName>
            <AlternateNameType>NMDP_FN</AlternateNameType>
            <Language>ENGLISH</Language>
         </ALTERNATENAMELIST_ITEM>
         <ALTERNATENAMELIST_ITEM>
            <ContextName>NHLBI</ContextName>
            <ContextVersion>1</ContextVersion>
            <AlternateName>bc_base_tx_chemo_yn</AlternateName>
            <AlternateNameType>NMDP_FN</AlternateNameType>
            <Language>ENGLISH</Language>
         </ALTERNATENAMELIST_ITEM>
         <ALTERNATENAMELIST_ITEM>
            <ContextName>NHLBI</ContextName>
            <ContextVersion>1</ContextVersion>
            <AlternateName>bc_post_tx_chemo_yn</AlternateName>
            <AlternateNameType>NMDP_FN</AlternateNameType>
            <Language>ENGLISH</Language>
         </ALTERNATENAMELIST_ITEM>
         <ALTERNATENAMELIST_ITEM>
            <ContextName>NHLBI</ContextName>
            <ContextVersion>1</ContextVersion>
            <AlternateName>mye_base_tx_chemo_yn</AlternateName>
            <AlternateNameType>NMDP_FN</AlternateNameType>
            <Language>ENGLISH</Language>
         </ALTERNATENAMELIST_ITEM>
         <ALTERNATENAMELIST_ITEM>
            <ContextName>NHLBI</ContextName>
            <ContextVersion>1</ContextVersion>
            <AlternateName>mye_post_tx_chemo_yn</AlternateName>
            <AlternateNameType>NMDP_FN</AlternateNameType>
            <Language>ENGLISH</Language>
         </ALTERNATENAMELIST_ITEM>
         <ALTERNATENAMELIST_ITEM>
            <ContextName>NHLBI</ContextName>
            <ContextVersion>1</ContextVersion>
            <AlternateName>oc_base_tx_chemo_yn</AlternateName>
            <AlternateNameType>NMDP_FN</AlternateNameType>
            <Language>ENGLISH</Language>
         </ALTERNATENAMELIST_ITEM>
         <ALTERNATENAMELIST_ITEM>
            <ContextName>NHLBI</ContextName>
            <ContextVersion>1</ContextVersion>
            <AlternateName>mds_base_tx_system_it_yn</AlternateName>
            <AlternateNameType>NMDP_FN</AlternateNameType>
            <Language>ENGLISH</Language>
         </ALTERNATENAMELIST_ITEM>
         <ALTERNATENAMELIST_ITEM>
            <ContextName>NHLBI</ContextName>
            <ContextVersion>1</ContextVersion>
            <AlternateName>cml_base_tx_chemo_yn</AlternateName>
            <AlternateNameType>NMDP_FN</AlternateNameType>
            <Language>ENGLISH</Language>
         </ALTERNATENAMELIST_ITEM>
         <ALTERNATENAMELIST_ITEM>
            <ContextName>NHLBI</ContextName>
            <ContextVersion>1</ContextVersion>
            <AlternateName>tc_base_tx_chemo_yn</AlternateName>
            <AlternateNameType>NMDP_FN</AlternateNameType>
            <Language>ENGLISH</Language>
         </ALTERNATENAMELIST_ITEM>
         <ALTERNATENAMELIST_ITEM>
            <ContextName>NHLBI</ContextName>
            <ContextVersion>1</ContextVersion>
            <AlternateName>cns_base_tx_chemo_yn</AlternateName>
            <AlternateNameType>NMDP_FN</AlternateNameType>
            <Language>ENGLISH</Language>
         </ALTERNATENAMELIST_ITEM>
         <ALTERNATENAMELIST_ITEM>
            <ContextName>NHLBI</ContextName>
            <ContextVersion>1</ContextVersion>
            <AlternateName>neu_base_tx_chemo_yn</AlternateName>
            <AlternateNameType>NMDP_FN</AlternateNameType>
            <Language>ENGLISH</Language>
         </ALTERNATENAMELIST_ITEM>
         <ALTERNATENAMELIST_ITEM>
            <ContextName>NHLBI</ContextName>
            <ContextVersion>1</ContextVersion>
            <AlternateName>cml_post_hsct_trt_chem_yn</AlternateName>
            <AlternateNameType>NMDP_FN</AlternateNameType>
            <Language>ENGLISH</Language>
         </ALTERNATENAMELIST_ITEM>
         <ALTERNATENAMELIST_ITEM>
            <ContextName>NHLBI</ContextName>
            <ContextVersion>1</ContextVersion>
            <AlternateName>inf_pre_collect_therapy_systemic_chemo_yn</AlternateName>
            <AlternateNameType>NMDP_FN</AlternateNameType>
            <Language>ENGLISH</Language>
         </ALTERNATENAMELIST_ITEM>
         <ALTERNATENAMELIST_ITEM>
            <ContextName>NHLBI</ContextName>
            <ContextVersion>1</ContextVersion>
            <AlternateName>LYMpost_systemic_therapy_yn</AlternateName>
            <AlternateNameType>NMDP_FN</AlternateNameType>
            <Language>ENGLISH</Language>
         </ALTERNATENAMELIST_ITEM>
         <ALTERNATENAMELIST_ITEM>
            <ContextName>NHLBI</ContextName>
            <ContextVersion>1</ContextVersion>
            <AlternateName>LYMpre_therapy_multi_systemic_therapy_yn</AlternateName>
            <AlternateNameType>NMDP_FN</AlternateNameType>
            <Language>ENGLISH</Language>
         </ALTERNATENAMELIST_ITEM>
         <ALTERNATENAMELIST_ITEM>
            <ContextName>Alliance</ContextName>
            <ContextVersion>1</ContextVersion>
            <AlternateName>SYSTX_ADM_IND-3</AlternateName>
            <AlternateNameType>USED_BY</AlternateNameType>
            <Language>ENGLISH</Language>
         </ALTERNATENAMELIST_ITEM>
         <ALTERNATENAMELIST_ITEM>
            <ContextName>NHLBI</ContextName>
            <ContextVersion>1</ContextVersion>
            <AlternateName>AMLpre_therapy_multi_systemic_therapy_yn</AlternateName>
            <AlternateNameType>NMDP_FN</AlternateNameType>
            <Language>ENGLISH</Language>
         </ALTERNATENAMELIST_ITEM>
         <ALTERNATENAMELIST_ITEM>
            <ContextName>NHLBI</ContextName>
            <ContextVersion>1</ContextVersion>
            <AlternateName>AMLpost_systemic_therapy_yn</AlternateName>
            <AlternateNameType>NMDP_FN</AlternateNameType>
            <Language>ENGLISH</Language>
         </ALTERNATENAMELIST_ITEM>
         <ALTERNATENAMELIST_ITEM>
            <ContextName>NHLBI</ContextName>
            <ContextVersion>1</ContextVersion>
            <AlternateName>AMLpost_rel_systemic_therapy_yn</AlternateName>
            <AlternateNameType>NMDP_FN</AlternateNameType>
            <Language>ENGLISH</Language>
         </ALTERNATENAMELIST_ITEM>
         <ALTERNATENAMELIST_ITEM>
            <ContextName>NHLBI</ContextName>
            <ContextVersion>1</ContextVersion>
            <AlternateName>ALLpre_therapy_multi_systemic_therapy_yn</AlternateName>
            <AlternateNameType>NMDP_FN</AlternateNameType>
            <Language>ENGLISH</Language>
         </ALTERNATENAMELIST_ITEM>
         <ALTERNATENAMELIST_ITEM>
            <ContextName>NHLBI</ContextName>
            <ContextVersion>1</ContextVersion>
            <AlternateName>ALLpost_rel_systemic_therapy_yn</AlternateName>
            <AlternateNameType>NMDP_FN</AlternateNameType>
            <Language>ENGLISH</Language>
         </ALTERNATENAMELIST_ITEM>
         <ALTERNATENAMELIST_ITEM>
            <ContextName>NHLBI</ContextName>
            <ContextVersion>1</ContextVersion>
            <AlternateName>ALLpost_systemic_therapy_yn</AlternateName>
            <AlternateNameType>NMDP_FN</AlternateNameType>
            <Language>ENGLISH</Language>
         </ALTERNATENAMELIST_ITEM>
         <ALTERNATENAMELIST_ITEM>
            <ContextName>NHLBI</ContextName>
            <ContextVersion>1</ContextVersion>
            <AlternateName>MDSpre_therapy_multi_systemic_therapy_yn</AlternateName>
            <AlternateNameType>NMDP_FN</AlternateNameType>
            <Language>ENGLISH</Language>
         </ALTERNATENAMELIST_ITEM>
         <ALTERNATENAMELIST_ITEM>
            <ContextName>NHLBI</ContextName>
            <ContextVersion>1</ContextVersion>
            <AlternateName>PCDpost_therapy_multi_systemic_therapy_yn</AlternateName>
            <AlternateNameType>NMDP_FN</AlternateNameType>
            <Language>ENGLISH</Language>
         </ALTERNATENAMELIST_ITEM>
         <ALTERNATENAMELIST_ITEM>
            <ContextName>NHLBI</ContextName>
            <ContextVersion>1</ContextVersion>
            <AlternateName>PCDpre_therapy_multi_systemic_therapy_yn</AlternateName>
            <AlternateNameType>NMDP_FN</AlternateNameType>
            <Language>ENGLISH</Language>
         </ALTERNATENAMELIST_ITEM>
         <ALTERNATENAMELIST_ITEM>
            <ContextName>CITN</ContextName>
            <ContextVersion>1</ContextVersion>
            <AlternateName>SYSTX_ADM_IND-3</AlternateName>
            <AlternateNameType>USED_BY</AlternateNameType>
            <Language>ENGLISH</Language>
         </ALTERNATENAMELIST_ITEM>
         <ALTERNATENAMELIST_ITEM>
            <ContextName>NHLBI</ContextName>
            <ContextVersion>1</ContextVersion>
            <AlternateName>MACpre_multi_systemic_therapy_yn</AlternateName>
            <AlternateNameType>NMDP_FN</AlternateNameType>
            <Language>ENGLISH</Language>
         </ALTERNATENAMELIST_ITEM>
         <ALTERNATENAMELIST_ITEM>
            <ContextName>NHLBI</ContextName>
            <ContextVersion>1</ContextVersion>
            <AlternateName>MACpost_multi_systemic_therapy_yn</AlternateName>
            <AlternateNameType>NMDP_FN</AlternateNameType>
            <Language>ENGLISH</Language>
         </ALTERNATENAMELIST_ITEM>
         <ALTERNATENAMELIST_ITEM>
            <ContextName>NHLBI</ContextName>
            <ContextVersion>1</ContextVersion>
            <AlternateName>JMMLpost_therapy_systemic_therapy_yn</AlternateName>
            <AlternateNameType>NMDP_FN</AlternateNameType>
            <Language>ENGLISH</Language>
         </ALTERNATENAMELIST_ITEM>
         <ALTERNATENAMELIST_ITEM>
            <ContextName>NHLBI</ContextName>
            <ContextVersion>1</ContextVersion>
            <AlternateName>HPST_AGHD_systemic_therapy_yn</AlternateName>
            <AlternateNameType>NMDP_FN</AlternateNameType>
            <Language>ENGLISH</Language>
         </ALTERNATENAMELIST_ITEM>
         <ALTERNATENAMELIST_ITEM>
            <ContextName>NHLBI</ContextName>
            <ContextVersion>1</ContextVersion>
            <AlternateName>HPST_CGHD_systemic_therapy_yn</AlternateName>
            <AlternateNameType>NMDP_FN</AlternateNameType>
            <Language>ENGLISH</Language>
         </ALTERNATENAMELIST_ITEM>
         <ALTERNATENAMELIST_ITEM>
            <ContextName>NHLBI</ContextName>
            <ContextVersion>1</ContextVersion>
            <AlternateName>TPST_PHCT_systemic_therapy_yn</AlternateName>
            <AlternateNameType>NMDP_FN</AlternateNameType>
            <Language>ENGLISH</Language>
         </ALTERNATENAMELIST_ITEM>
         <ALTERNATENAMELIST_ITEM>
            <ContextName>NHLBI</ContextName>
            <ContextVersion>1</ContextVersion>
            <AlternateName>TPST_RP_systemic_therapy_yn</AlternateName>
            <AlternateNameType>NMDP_FN</AlternateNameType>
            <Language>ENGLISH</Language>
         </ALTERNATENAMELIST_ITEM>
         <ALTERNATENAMELIST_ITEM>
            <ContextName>NHLBI</ContextName>
            <ContextVersion>1</ContextVersion>
            <AlternateName>CPRE_TPCT_systemic_therapy_yn</AlternateName>
            <AlternateNameType>NMDP_FN</AlternateNameType>
            <Language>ENGLISH</Language>
         </ALTERNATENAMELIST_ITEM>
         <ALTERNATENAMELIST_ITEM>
            <ContextName>NHLBI</ContextName>
            <ContextVersion>1</ContextVersion>
            <AlternateName>CLLF_PHPI_systemic_therapy_yn</AlternateName>
            <AlternateNameType>NMDP_FN</AlternateNameType>
            <Language>ENGLISH</Language>
         </ALTERNATENAMELIST_ITEM>
         <ALTERNATENAMELIST_ITEM>
            <ContextName>NHLBI</ContextName>
            <ContextVersion>1</ContextVersion>
            <AlternateName>CLLF_DRPI_systemic_therapy_yn</AlternateName>
            <AlternateNameType>NMDP_FN</AlternateNameType>
            <Language>ENGLISH</Language>
         </ALTERNATENAMELIST_ITEM>
         <ALTERNATENAMELIST_ITEM>
            <ContextName>NHLBI</ContextName>
            <ContextVersion>1</ContextVersion>
            <AlternateName>CMLF_PLTH_systemic_therapy_yn</AlternateName>
            <AlternateNameType>NMDP_FN</AlternateNameType>
            <Language>ENGLISH</Language>
         </ALTERNATENAMELIST_ITEM>
         <ALTERNATENAMELIST_ITEM>
            <ContextName>NHLBI</ContextName>
            <ContextVersion>1</ContextVersion>
            <AlternateName>CMLF_PHPI_systemic_therapy_yn</AlternateName>
            <AlternateNameType>NMDP_FN</AlternateNameType>
            <Language>ENGLISH</Language>
         </ALTERNATENAMELIST_ITEM>
         <ALTERNATENAMELIST_ITEM>
            <ContextName>NHLBI</ContextName>
            <ContextVersion>1</ContextVersion>
            <AlternateName>CMLP_LTHM_systemic_therapy_yn</AlternateName>
            <AlternateNameType>NMDP_FN</AlternateNameType>
            <Language>ENGLISH</Language>
         </ALTERNATENAMELIST_ITEM>
         <ALTERNATENAMELIST_ITEM>
            <ContextName>NHLBI</ContextName>
            <ContextVersion>1</ContextVersion>
            <AlternateName>AMLF_IGM_systemic_therapy_yn</AlternateName>
            <AlternateNameType>NMDP_FN</AlternateNameType>
            <Language>ENGLISH</Language>
         </ALTERNATENAMELIST_ITEM>
         <ALTERNATENAMELIST_ITEM>
            <ContextName>NHLBI</ContextName>
            <ContextVersion>1</ContextVersion>
            <AlternateName>CPRE_STPC_systemic_therapy_yn</AlternateName>
            <AlternateNameType>NMDP_FN</AlternateNameType>
            <Language>ENGLISH</Language>
         </ALTERNATENAMELIST_ITEM>
         <ALTERNATENAMELIST_ITEM>
            <ContextName>NHLBI</ContextName>
            <ContextVersion>1</ContextVersion>
            <AlternateName>AMLF_PT_systemic_therapy_yn</AlternateName>
            <AlternateNameType>NMDP_FN</AlternateNameType>
            <Language>ENGLISH</Language>
         </ALTERNATENAMELIST_ITEM>
         <ALTERNATENAMELIST_ITEM>
            <ContextName>NHLBI</ContextName>
            <ContextVersion>1</ContextVersion>
            <AlternateName>ALLF_PT_systemic_therapy_yn</AlternateName>
            <AlternateNameType>NMDP_FN</AlternateNameType>
            <Language>ENGLISH</Language>
         </ALTERNATENAMELIST_ITEM>
         <ALTERNATENAMELIST_ITEM>
            <ContextName>NHLBI</ContextName>
            <ContextVersion>1</ContextVersion>
            <AlternateName>ALLF_IGM_systemic_therapy_yn</AlternateName>
            <AlternateNameType>NMDP_FN</AlternateNameType>
            <Language>ENGLISH</Language>
         </ALTERNATENAMELIST_ITEM>
         <ALTERNATENAMELIST_ITEM>
            <ContextName>NHLBI</ContextName>
            <ContextVersion>1</ContextVersion>
            <AlternateName>ALLP_PTM_systemic_therapy_yn</AlternateName>
            <AlternateNameType>NMDP_FN</AlternateNameType>
            <Language>ENGLISH</Language>
         </ALTERNATENAMELIST_ITEM>
         <ALTERNATENAMELIST_ITEM>
            <ContextName>NHLBI</ContextName>
            <ContextVersion>1</ContextVersion>
            <AlternateName>AMLP_LTHM_sys_therp_yn</AlternateName>
            <AlternateNameType>NMDP_FN</AlternateNameType>
            <Language>ENGLISH</Language>
         </ALTERNATENAMELIST_ITEM>
         <ALTERNATENAMELIST_ITEM>
            <ContextName>NHLBI</ContextName>
            <ContextVersion>1</ContextVersion>
            <AlternateName>!!!!!!!!!!This is BRIDGClass</AlternateName>
            <AlternateNameType>HCT_BRIDG</AlternateNameType>
            <Language>ENGLISH</Language>
         </ALTERNATENAMELIST_ITEM>
      </ALTERNATENAMELIST>
      <DATAELEMENTDERIVATION>
         <DerivationType NULL="TRUE"/>
         <DerivationTypeDescription NULL="TRUE"/>
         <Methods NULL="TRUE"/>
         <Rule NULL="TRUE"/>
         <ConcatenationCharacter NULL="TRUE"/>
         <ComponentDataElementsList NULL="TRUE"/>
      </DATAELEMENTDERIVATION>
   </DataElement>
</DataElementsList>